doc_index,dominant_topic
0,1
1,0
2,6
3,3
4,0
5,0
6,0
7,7
8,5
9,0
10,5
11,6
12,6
13,0
14,0
15,0
16,4
17,3
18,5
19,0
20,5
21,4
22,0
23,5
24,8
25,3
26,0
27,2
28,5
29,0
30,6
31,8
32,8
33,6
34,0
35,1
36,5
37,4
38,5
39,2
40,0
41,0
42,0
43,4
44,7
45,9
46,6
47,5
48,3
49,0
50,3
51,6
52,0
53,1
54,8
55,8
56,0
57,4
58,0
59,4
60,6
61,7
62,0
63,0
64,3
65,9
66,7
67,0
68,8
69,5
70,9
71,4
72,0
73,9
74,5
75,0
76,7
77,4
78,0
79,0
80,2
81,9
82,7
83,0
84,5
85,6
86,0
87,1
88,5
89,5
90,6
91,1
92,6
93,0
94,5
95,0
96,6
97,4
98,0
99,1
100,6
101,4
102,7
103,5
104,0
105,0
106,3
107,8
108,6
109,4
110,1
111,9
112,0
113,8
114,1
115,0
116,1
117,8
118,1
119,8
120,8
121,7
122,0
123,7
124,3
125,0
126,0
127,0
128,0
129,0
130,0
131,5
132,1
133,5
134,5
135,1
136,0
137,0
138,0
139,8
140,0
141,8
142,1
143,6
144,9
145,1
146,0
147,4
148,0
149,9
150,7
151,5
152,4
153,0
154,0
155,3
156,1
157,6
158,7
159,1
160,8
161,0
162,7
163,0
164,1
165,0
166,4
167,0
168,1
169,4
170,8
171,0
172,4
173,0
174,1
175,6
176,0
177,0
178,1
179,1
180,7
181,9
182,5
183,1
184,3
185,0
186,8
187,9
188,8
189,0
190,4
191,1
192,1
193,8
194,1
195,7
196,1
197,1
198,3
199,0
200,1
201,8
202,2
203,0
204,0
205,4
206,2
207,0
208,1
209,8
210,1
211,2
212,0
213,5
214,8
215,4
216,5
217,1
218,0
219,1
220,2
221,6
222,7
223,4
224,9
225,4
226,5
227,5
228,4
229,8
230,1
231,0
232,5
233,0
234,0
235,6
236,0
237,8
238,9
239,0
240,8
241,8
242,1
243,2
244,0
245,4
246,4
247,8
248,0
249,0
250,0
251,2
252,9
253,3
254,7
255,5
256,6
257,4
258,0
259,8
260,8
261,2
262,0
263,6
264,7
265,2
266,9
267,0
268,1
269,3
270,3
271,3
272,3
273,3
274,6
275,0
276,0
277,0
278,0
279,8
280,6
281,0
282,0
283,0
284,5
285,1
286,4
287,1
288,0
289,6
290,1
291,7
292,8
293,1
294,9
295,4
296,0
297,0
298,5
299,1
300,1
301,8
302,0
303,3
304,5
305,4
306,7
307,0
308,7
309,2
310,6
311,0
312,3
313,0
314,4
315,0
316,1
317,1
318,5
319,6
320,1
321,0
322,0
323,6
324,5
325,9
326,0
327,1
328,0
329,6
330,9
331,0
332,0
333,2
334,7
335,5
336,0
337,3
338,1
339,5
340,0
341,6
342,0
343,0
344,1
345,6
346,6
347,2
348,6
349,2
350,9
351,6
352,0
353,8
354,0
355,5
356,0
357,9
358,4
359,1
360,1
361,5
362,1
363,0
364,5
365,1
366,0
367,8
368,9
369,0
370,9
371,0
372,5
373,1
374,0
375,1
376,5
377,7
378,1
379,0
380,1
381,7
382,1
383,1
384,8
385,1
386,1
387,0
388,4
389,1
390,8
391,7
392,8
393,6
394,0
395,1
396,1
397,8
398,1
399,5
400,5
401,8
402,6
403,9
404,8
405,3
406,0
407,0
408,3
409,0
410,8
411,8
412,6
413,8
414,1
415,3
416,6
417,1
418,4
419,6
420,5
421,6
422,0
423,3
424,7
425,7
426,1
427,5
428,5
429,1
430,0
431,5
432,3
433,3
434,9
435,5
436,3
437,3
438,0
439,3
440,6
441,0
442,1
443,0
444,9
445,0
446,7
447,0
448,0
449,7
450,1
451,0
452,7
453,5
454,6
455,4
456,8
457,1
458,7
459,1
460,7
461,7
462,0
463,5
464,6
465,9
466,6
467,2
468,8
469,1
470,6
471,8
472,0
473,0
474,1
475,0
476,4
477,2
478,5
479,8
480,3
481,0
482,0
483,1
484,0
485,9
486,0
487,4
488,4
489,8
490,0
491,7
492,3
493,1
494,6
495,1
496,6
497,2
498,0
499,7
500,1
501,1
502,1
503,0
504,0
505,0
506,9
507,5
508,3
509,5
510,0
511,1
512,8
513,0
514,8
515,0
516,0
517,0
518,0
519,2
520,6
521,0
522,6
523,6
524,9
525,0
526,4
527,6
528,1
529,2
530,5
531,9
532,8
533,0
534,0
535,1
536,0
537,2
538,1
539,9
540,3
541,0
542,0
543,3
544,0
545,6
546,0
547,6
548,0
549,0
550,5
551,0
552,0
553,8
554,4
555,0
556,6
557,0
558,1
559,5
560,0
561,0
562,0
563,0
564,0
565,6
566,1
567,0
568,5
569,0
570,5
571,3
572,8
573,0
574,0
575,0
576,8
577,4
578,0
579,1
580,5
581,0
582,9
583,8
584,0
585,5
586,3
587,8
588,0
589,5
590,0
591,0
592,9
593,5
594,3
595,5
596,0
597,0
598,6
599,0
600,4
601,8
602,9
603,4
604,1
605,6
606,2
607,0
608,4
609,6
610,7
611,2
612,0
613,9
614,7
615,4
616,5
617,3
618,0
619,1
620,6
621,7
622,0
623,0
624,5
625,5
626,5
627,1
628,0
629,0
630,2
631,0
632,5
633,0
634,0
635,0
636,4
637,5
638,4
639,4
640,1
641,0
642,1
643,9
644,7
645,4
646,4
647,6
648,0
649,5
650,0
651,3
652,1
653,5
654,0
655,9
656,0
657,5
658,0
659,5
660,6
661,9
662,1
663,6
664,9
665,0
666,1
667,2
668,0
669,5
670,8
671,1
672,7
673,1
674,5
675,0
676,0
677,5
678,1
679,1
680,0
681,6
682,0
683,0
684,0
685,4
686,5
687,7
688,8
689,1
690,8
691,1
692,9
693,8
694,0
695,0
696,0
697,0
698,0
699,0
700,9
701,0
702,0
703,0
704,0
705,8
706,1
707,8
708,7
709,1
710,0
711,9
712,7
713,1
714,0
715,6
716,0
717,9
718,1
719,7
720,1
721,2
722,9
723,8
724,0
725,5
726,7
727,7
728,5
729,0
730,1
731,1
732,0
733,0
734,4
735,3
736,0
737,4
738,1
739,2
740,6
741,1
742,6
743,5
744,0
745,7
746,0
747,0
748,0
749,5
750,1
751,1
752,3
753,1
754,2
755,2
756,7
757,7
758,0
759,1
760,0
761,4
762,3
763,3
764,8
765,3
766,6
767,3
768,1
769,8
770,0
771,3
772,2
773,6
774,3
775,6
776,5
777,0
778,3
779,0
780,9
781,0
782,5
783,2
784,1
785,1
786,1
787,1
788,0
789,1
790,0
791,0
792,0
793,0
794,1
795,2
796,0
797,7
798,8
799,8
800,2
801,0
802,0
803,0
804,8
805,5
806,5
807,5
808,6
809,9
810,4
811,9
812,5
813,2
814,5
815,7
816,2
817,0
818,7
819,6
820,3
821,2
822,1
823,5
824,5
825,0
826,7
827,6
828,0
829,8
830,0
831,4
832,1
833,6
834,1
835,9
836,9
837,0
838,7
839,5
840,6
841,1
842,3
843,1
844,4
845,3
846,5
847,0
848,0
849,0
850,5
851,4
852,9
853,0
854,0
855,4
856,5
857,0
858,5
859,1
860,1
861,9
862,4
863,6
864,3
865,7
866,0
867,5
868,8
869,1
870,0
871,0
872,5
873,9
874,7
875,7
876,0
877,0
878,5
879,0
880,1
881,5
882,7
883,3
884,0
885,6
886,7
887,5
888,0
889,1
890,6
891,3
892,0
893,1
894,0
895,8
896,9
897,4
898,6
899,6
900,1
901,2
902,8
903,5
904,2
905,0
906,8
907,9
908,7
909,1
910,9
911,0
912,1
913,7
914,4
915,4
916,3
917,7
918,6
919,9
920,1
921,8
922,6
923,1
924,6
925,3
926,0
927,7
928,1
929,0
930,0
931,1
932,5
933,0
934,8
935,3
936,8
937,1
938,0
939,0
940,2
941,0
942,0
943,4
944,9
945,1
946,0
947,0
948,4
949,0
950,1
951,8
952,5
953,1
954,7
955,8
956,7
957,0
958,0
959,0
960,0
961,0
962,2
963,0
964,5
965,0
966,3
967,7
968,3
969,8
970,5
971,1
972,8
973,5
974,3
975,8
976,1
977,1
978,0
979,9
980,0
981,0
982,1
983,1
984,6
985,0
986,0
987,6
988,4
989,5
990,0
991,5
992,4
993,0
994,1
995,0
996,3
997,1
998,1
999,6
1000,7
1001,7
1002,6
1003,5
1004,2
1005,1
1006,0
1007,3
1008,0
1009,5
1010,5
1011,8
1012,0
1013,5
1014,7
1015,7
1016,5
1017,5
1018,8
1019,6
1020,0
1021,2
1022,8
1023,7
1024,1
1025,6
1026,7
1027,5
1028,3
1029,7
1030,4
1031,0
1032,0
1033,5
1034,8
1035,1
1036,7
1037,8
1038,5
1039,0
1040,5
1041,9
1042,0
1043,5
1044,1
1045,5
1046,5
1047,7
1048,9
1049,1
1050,0
1051,7
1052,2
1053,6
1054,1
1055,8
1056,5
1057,9
1058,0
1059,8
1060,0
1061,5
1062,5
1063,0
1064,5
1065,1
1066,0
1067,1
1068,3
1069,8
1070,5
1071,5
1072,6
1073,2
1074,9
1075,5
1076,5
1077,9
1078,1
1079,1
1080,1
1081,4
1082,5
1083,7
1084,9
1085,0
1086,1
1087,1
1088,8
1089,0
1090,2
1091,0
1092,1
1093,1
1094,5
1095,5
1096,5
1097,5
1098,0
1099,3
1100,0
1101,0
1102,9
1103,1
1104,1
1105,6
1106,6
1107,0
1108,9
1109,0
1110,5
1111,9
1112,1
1113,8
1114,5
1115,2
1116,0
1117,7
1118,0
1119,1
1120,8
1121,1
1122,3
1123,2
1124,8
1125,6
1126,0
1127,8
1128,7
1129,3
1130,9
1131,5
1132,3
1133,1
1134,4
1135,9
1136,4
1137,0
1138,7
1139,1
1140,1
1141,0
1142,1
1143,7
1144,0
1145,9
1146,5
1147,9
1148,9
1149,7
1150,9
1151,6
1152,4
1153,0
1154,5
1155,5
1156,0
1157,4
1158,7
1159,1
1160,2
1161,5
1162,5
1163,0
1164,5
1165,0
1166,0
1167,8
1168,0
1169,4
1170,0
1171,7
1172,0
1173,8
1174,7
1175,0
1176,4
1177,3
1178,6
1179,6
1180,1
1181,6
1182,0
1183,6
1184,0
1185,6
1186,3
1187,1
1188,4
1189,4
1190,1
1191,4
1192,3
1193,6
1194,0
1195,0
1196,1
1197,8
1198,1
1199,0
1200,2
1201,5
1202,4
1203,7
1204,5
1205,5
1206,5
1207,0
1208,5
1209,4
1210,0
1211,1
1212,4
1213,0
1214,8
1215,1
1216,1
1217,6
1218,8
1219,0
1220,1
1221,1
1222,5
1223,1
1224,5
1225,9
1226,1
1227,3
1228,3
1229,3
1230,3
1231,7
1232,0
1233,2
1234,9
1235,2
1236,5
1237,9
1238,8
1239,0
1240,0
1241,4
1242,9
1243,3
1244,1
1245,1
1246,1
1247,4
1248,5
1249,0
1250,0
1251,0
1252,0
1253,0
1254,3
1255,7
1256,0
1257,0
1258,5
1259,2
1260,6
1261,7
1262,1
1263,0
1264,4
1265,2
1266,3
1267,1
1268,7
1269,5
1270,0
1271,5
1272,4
1273,0
1274,9
1275,4
1276,8
1277,7
1278,5
1279,0
1280,6
1281,7
1282,9
1283,5
1284,0
1285,8
1286,5
1287,2
1288,7
1289,0
1290,3
1291,9
1292,8
1293,2
1294,8
1295,4
1296,5
1297,1
1298,8
1299,0
1300,4
1301,0
1302,0
1303,0
1304,7
1305,5
1306,6
1307,7
1308,5
1309,3
1310,1
1311,0
1312,3
1313,1
1314,6
1315,5
1316,1
1317,5
1318,0
1319,0
1320,2
1321,7
1322,1
1323,5
1324,0
1325,9
1326,6
1327,5
1328,0
1329,3
1330,0
1331,0
1332,0
1333,6
1334,1
1335,0
1336,1
1337,3
1338,0
1339,6
1340,1
1341,0
1342,6
1343,0
1344,5
1345,6
1346,5
1347,1
1348,5
1349,1
1350,0
1351,0
1352,0
1353,9
1354,5
1355,2
1356,0
1357,2
1358,8
1359,0
1360,1
1361,6
1362,5
1363,0
1364,0
1365,8
1366,2
1367,1
1368,9
1369,0
1370,4
1371,8
1372,0
1373,9
1374,5
1375,0
1376,9
1377,0
1378,0
1379,1
1380,0
1381,0
1382,1
1383,0
1384,0
1385,5
1386,2
1387,5
1388,0
1389,0
1390,4
1391,1
1392,1
1393,9
1394,0
1395,0
1396,7
1397,2
1398,2
1399,7
1400,0
1401,0
1402,1
1403,0
1404,1
1405,1
1406,5
1407,7
1408,1
1409,0
1410,0
1411,0
1412,0
1413,5
1414,1
1415,7
1416,9
1417,1
1418,3
1419,6
1420,8
1421,0
1422,6
1423,3
1424,3
1425,8
1426,2
1427,7
1428,3
1429,0
1430,0
1431,9
1432,6
1433,1
1434,3
1435,0
1436,0
1437,4
1438,0
1439,7
1440,1
1441,0
1442,0
1443,3
1444,0
1445,3
1446,3
1447,0
1448,0
1449,0
1450,0
1451,3
1452,8
1453,4
1454,5
1455,0
1456,9
1457,0
1458,1
1459,5
1460,0
1461,7
1462,9
1463,4
1464,1
1465,0
1466,8
1467,0
1468,5
1469,1
1470,0
1471,0
1472,1
1473,0
1474,7
1475,4
1476,2
1477,0
1478,8
1479,1
1480,0
1481,0
1482,0
1483,0
1484,1
1485,0
1486,7
1487,4
1488,6
1489,7
1490,4
1491,1
1492,0
1493,0
1494,1
1495,0
1496,0
1497,8
1498,8
1499,5
1500,8
1501,8
1502,1
1503,9
1504,5
1505,0
1506,0
1507,1
1508,0
1509,0
1510,0
1511,5
1512,5
1513,7
1514,0
1515,8
1516,1
1517,8
1518,6
1519,2
1520,7
1521,0
1522,8
1523,7
1524,0
1525,0
1526,1
1527,7
1528,5
1529,3
1530,8
1531,8
1532,5
1533,5
1534,1
1535,0
1536,0
1537,0
1538,6
1539,9
1540,4
1541,1
1542,3
1543,0
1544,4
1545,6
1546,7
1547,5
1548,0
1549,8
1550,1
1551,4
1552,0
1553,8
1554,5
1555,6
1556,0
1557,5
1558,8
1559,5
1560,0
1561,0
1562,0
1563,5
1564,2
1565,6
1566,5
1567,0
1568,5
1569,7
1570,8
1571,4
1572,3
1573,9
1574,8
1575,1
1576,3
1577,8
1578,7
1579,9
1580,8
1581,0
1582,5
1583,0
1584,0
1585,8
1586,0
1587,8
1588,0
1589,0
1590,7
1591,5
1592,7
1593,0
1594,5
1595,9
1596,1
1597,0
1598,4
1599,0
1600,1
1601,3
1602,7
1603,1
1604,0
1605,8
1606,9
1607,5
1608,0
1609,6
1610,0
1611,5
1612,1
1613,0
1614,1
1615,0
1616,5
1617,2
1618,0
1619,0
1620,0
1621,3
1622,0
1623,8
1624,3
1625,8
1626,0
1627,1
1628,1
1629,1
1630,1
1631,0
1632,0
1633,1
1634,0
1635,2
1636,1
1637,1
1638,1
1639,1
1640,1
1641,0
1642,5
1643,1
1644,0
1645,4
1646,2
1647,1
1648,3
1649,0
1650,5
1651,0
1652,4
1653,0
1654,0
1655,5
1656,4
1657,0
1658,1
1659,0
1660,0
1661,0
1662,5
1663,0
1664,0
1665,0
1666,0
1667,5
1668,0
1669,0
1670,0
1671,1
1672,1
1673,4
1674,2
1675,0
1676,6
1677,1
1678,1
1679,1
1680,6
1681,0
1682,0
1683,5
1684,4
1685,4
1686,7
1687,6
1688,6
1689,0
1690,9
1691,6
1692,0
1693,1
1694,3
1695,5
1696,5
1697,4
1698,6
1699,5
1700,0
1701,0
1702,2
1703,9
1704,3
1705,5
1706,3
1707,0
1708,8
1709,5
1710,5
1711,5
1712,9
1713,3
1714,7
1715,7
1716,5
1717,1
1718,2
1719,9
1720,2
1721,5
1722,3
1723,0
1724,6
1725,1
1726,0
1727,5
1728,1
1729,5
1730,5
1731,1
1732,0
1733,0
1734,1
1735,7
1736,0
1737,0
1738,0
1739,6
1740,0
1741,5
1742,5
1743,4
1744,0
1745,0
1746,1
1747,9
1748,0
1749,0
1750,2
1751,2
1752,0
1753,0
1754,4
1755,9
1756,0
1757,0
1758,2
1759,0
1760,6
1761,0
1762,1
1763,9
1764,3
1765,0
1766,0
1767,2
1768,1
1769,0
1770,1
1771,4
1772,0
1773,0
1774,1
1775,5
1776,2
1777,5
1778,7
1779,1
1780,7
1781,1
1782,3
1783,2
1784,1
1785,0
1786,3
1787,2
1788,2
1789,7
1790,0
1791,7
1792,1
1793,8
1794,0
1795,1
1796,9
1797,0
1798,8
1799,5
1800,8
1801,2
1802,5
1803,0
1804,1
1805,1
1806,0
1807,8
1808,3
1809,8
1810,7
1811,7
1812,0
1813,5
1814,0
1815,3
1816,5
1817,7
1818,5
1819,0
1820,4
1821,8
1822,0
1823,2
1824,5
1825,0
1826,5
1827,0
1828,0
1829,0
1830,0
1831,6
1832,1
1833,1
1834,1
1835,1
1836,8
1837,5
1838,1
1839,5
1840,8
1841,4
1842,6
1843,7
1844,9
1845,1
1846,5
1847,0
1848,4
1849,7
1850,5
1851,0
1852,8
1853,5
1854,9
1855,5
1856,0
1857,0
1858,0
1859,3
1860,7
1861,5
1862,1
1863,3
1864,6
1865,1
1866,0
1867,5
1868,0
1869,0
1870,2
1871,1
1872,2
1873,0
1874,1
1875,1
1876,5
1877,1
1878,7
1879,8
1880,9
1881,0
1882,0
1883,4
1884,3
1885,0
1886,9
1887,4
1888,0
1889,0
1890,6
1891,1
1892,1
1893,0
1894,1
1895,0
1896,1
1897,0
1898,4
1899,0
1900,1
1901,0
1902,1
1903,0
1904,0
1905,5
1906,9
1907,2
1908,0
1909,1
1910,2
1911,3
1912,0
1913,0
1914,1
1915,7
1916,3
1917,1
1918,1
1919,0
1920,1
1921,8
1922,1
1923,5
1924,0
1925,1
1926,0
1927,0
1928,1
1929,0
1930,0
1931,0
1932,6
1933,7
1934,1
1935,0
1936,1
1937,0
1938,5
1939,1
1940,0
1941,1
1942,3
1943,8
1944,8
1945,7
1946,0
1947,3
1948,9
1949,1
1950,9
1951,0
1952,1
1953,8
1954,5
1955,0
1956,0
1957,0
1958,0
1959,9
1960,1
1961,0
1962,6
1963,5
1964,4
1965,1
1966,8
1967,9
1968,0
1969,1
1970,6
1971,5
1972,0
1973,9
1974,8
1975,2
1976,4
1977,1
1978,6
1979,5
1980,2
1981,7
1982,0
1983,1
1984,8
1985,7
1986,1
1987,5
1988,2
1989,1
1990,0
1991,0
1992,1
1993,0
1994,1
1995,0
1996,5
1997,0
1998,6
1999,0
2000,8
2001,2
2002,5
2003,7
2004,1
2005,9
2006,3
2007,5
2008,1
2009,8
2010,6
2011,2
2012,9
2013,0
2014,3
2015,6
2016,3
2017,1
2018,0
2019,5
2020,1
2021,2
2022,0
2023,1
2024,7
2025,1
2026,0
2027,1
2028,6
2029,1
2030,0
2031,1
2032,9
2033,5
2034,8
2035,0
2036,3
2037,2
2038,0
2039,5
2040,5
2041,5
2042,6
2043,2
2044,1
2045,5
2046,1
2047,1
2048,0
2049,9
2050,1
2051,0
2052,0
2053,9
2054,6
2055,5
2056,7
2057,5
2058,1
2059,0
2060,0
2061,6
2062,1
2063,3
2064,7
2065,0
2066,1
2067,0
2068,0
2069,5
2070,9
2071,5
2072,0
2073,0
2074,1
2075,5
2076,5
2077,1
2078,0
2079,6
2080,5
2081,5
2082,6
2083,6
2084,7
2085,1
2086,0
2087,5
2088,5
2089,5
2090,4
2091,5
2092,0
2093,4
2094,7
2095,6
2096,3
2097,4
2098,3
2099,1
2100,9
2101,5
2102,0
2103,9
2104,5
2105,1
2106,1
2107,1
2108,0
2109,4
2110,6
2111,9
2112,0
2113,7
2114,2
2115,1
2116,0
2117,6
2118,1
2119,0
2120,0
2121,0
2122,0
2123,0
2124,0
2125,0
2126,3
2127,8
2128,0
2129,6
2130,5
2131,3
2132,6
2133,5
2134,1
2135,8
2136,0
2137,5
2138,9
2139,4
2140,0
2141,0
2142,5
2143,0
2144,5
2145,8
2146,5
2147,8
2148,0
2149,4
2150,1
2151,5
2152,9
2153,7
2154,8
2155,9
2156,3
2157,5
2158,1
2159,9
2160,4
2161,8
2162,3
2163,5
2164,0
2165,0
2166,0
2167,4
2168,6
2169,0
2170,0
2171,0
2172,0
2173,7
2174,4
2175,4
2176,0
2177,0
2178,7
2179,2
2180,0
2181,0
2182,0
2183,9
2184,8
2185,4
2186,9
2187,0
2188,0
2189,0
2190,5
2191,0
2192,7
2193,7
2194,0
2195,9
2196,1
2197,1
2198,1
2199,1
2200,1
2201,1
2202,0
2203,3
2204,5
2205,5
2206,0
2207,0
2208,8
2209,3
2210,0
2211,0
2212,0
2213,2
2214,0
2215,5
2216,4
2217,5
2218,5
2219,0
2220,1
2221,0
2222,1
2223,5
2224,0
2225,0
2226,0
2227,7
2228,0
2229,2
2230,1
2231,0
2232,0
2233,0
2234,6
2235,8
2236,8
2237,9
2238,8
2239,0
2240,0
2241,5
2242,6
2243,4
2244,0
2245,1
2246,1
2247,8
2248,3
2249,1
2250,1
2251,5
2252,1
2253,2
2254,1
2255,7
2256,5
2257,6
2258,0
2259,6
2260,0
2261,6
2262,7
2263,0
2264,0
2265,1
2266,6
2267,0
2268,0
2269,7
2270,0
2271,0
2272,8
2273,0
2274,1
2275,0
2276,0
